1,Michael,Kennedy,mkennedy,mkennedy@jsdb.com,csci275,1
2,Darwin,Groskleg,dgroskleg,dgroskleg@jsdb.com,csci275,0
3,Seven,Randell,srandell,srandell@jsdb.com,csci275,1
4,Cynthia,Fougeron,cfougeron,cfougeron@jsdb.com,csci275,0
5,Martin,vanBommel,mvanbommel,mvanbommel@jsdb.com,csci275,0
6,Jacob,Levman,jlevman,jlevman@jsdb.com,csci275,1
