1,Michael,Kennedy,MichaelKennedy@awesomegroup.com,False
2,Darwin,Groskleg,DarwinGroskleg@awesomegroup.com,False
3,Seven,Randell,SevenRandell@awesomegroup.com,False
4,Cynthia,Fougeron,CynthiaFougeron@awesomegroup.com,False
5,Martin,Levman,MartinLevman@awesomegroup.com,False
6,Jacob,Kennedy,JacobKennedy@awesomegroup.com,True
